date,value,memo
2022-01-01,-4.7,서울 일평균 기온
2022-01-02,-1.1,서울 일평균 기온
2022-01-03,-2.4,서울 일평균 기온
2022-01-04,-1.9,서울 일평균 기온
2022-01-05,-3.1,서울 일평균 기온
2022-01-06,-1.9,서울 일평균 기온
2022-01-07,-1.7,서울 일평균 기온
2022-01-08,-0.2,서울 일평균 기온
2022-01-09,1.7,서울 일평균 기온
2022-01-10,0.3,서울 일평균 기온
2022-01-11,-6.4,서울 일평균 기온
2022-01-12,-7.8,서울 일평균 기온
2022-01-13,-6.2,서울 일평균 기온
2022-01-14,-5.1,서울 일평균 기온
2022-01-15,-1.4,서울 일평균 기온
2022-01-16,-1.2,서울 일평균 기온
2022-01-17,-5.5,서울 일평균 기온
2022-01-18,-5.7,서울 일평균 기온
2022-01-19,-5.1,서울 일평균 기온
2022-01-20,-5.0,서울 일평균 기온
2022-01-21,-2.8,서울 일평균 기온
2022-01-22,-0.1,서울 일평균 기온
2022-01-23,2.0,서울 일평균 기온
2022-01-24,4.3,서울 일평균 기온
2022-01-25,3.1,서울 일평균 기온
2022-01-26,1.6,서울 일평균 기온
2022-01-27,-0.7,서울 일평균 기온
2022-01-28,-2.4,서울 일평균 기온
2022-01-29,-3.5,서울 일평균 기온
2022-01-30,-2.9,서울 일평균 기온
2022-01-31,-1.1,서울 일평균 기온
2022-02-01,-1.0,서울 일평균 기온
2022-02-02,-3.2,서울 일평균 기온
2022-02-03,-3.2,서울 일평균 기온
2022-02-04,-4.8,서울 일평균 기온
2022-02-05,-6.5,서울 일평균 기온
2022-02-06,-3.9,서울 일평균 기온
2022-02-07,-2.7,서울 일평균 기온
2022-02-08,-0.1,서울 일평균 기온
2022-02-09,0.9,서울 일평균 기온
2022-02-10,1.6,서울 일평균 기온
2022-02-11,2.7,서울 일평균 기온
2022-02-12,4.7,서울 일평균 기온
2022-02-13,4.9,서울 일평균 기온
2022-02-14,2.7,서울 일평균 기온
2022-02-15,-4.1,서울 일평균 기온
2022-02-16,-7.1,서울 일평균 기온
2022-02-17,-6.4,서울 일평균 기온
2022-02-18,-1.7,서울 일평균 기온
2022-02-19,-1.0,서울 일평균 기온
2022-02-20,-4.8,서울 일평균 기온
2022-02-21,-2.9,서울 일평균 기온
2022-02-22,-4.2,서울 일평균 기온
2022-02-23,-5.6,서울 일평균 기온
2022-02-24,-2.8,서울 일평균 기온
2022-02-25,2.4,서울 일평균 기온
2022-02-26,5.8,서울 일평균 기온
2022-02-27,3.5,서울 일평균 기온
2022-02-28,6.4,서울 일평균 기온
2022-03-01,6.2,서울 일평균 기온
2022-03-02,3.1,서울 일평균 기온
2022-03-03,5.8,서울 일평균 기온
2022-03-04,6.9,서울 일평균 기온
2022-03-05,2.9,서울 일평균 기온
2022-03-06,1.4,서울 일평균 기온
2022-03-07,2.5,서울 일평균 기온
2022-03-08,5.8,서울 일평균 기온
2022-03-09,7.0,서울 일평균 기온
2022-03-10,9.0,서울 일평균 기온
2022-03-11,10.9,서울 일평균 기온
2022-03-12,12.5,서울 일평균 기온
2022-03-13,11.8,서울 일평균 기온
2022-03-14,8.7,서울 일평균 기온
2022-03-15,7.2,서울 일평균 기온
2022-03-16,9.7,서울 일평균 기온
2022-03-17,10.9,서울 일평균 기온
2022-03-18,7.6,서울 일평균 기온
2022-03-19,3.7,서울 일평균 기온
2022-03-20,5.4,서울 일평균 기온
2022-03-21,4.6,서울 일평균 기온
2022-03-22,6.9,서울 일평균 기온
2022-03-23,6.2,서울 일평균 기온
2022-03-24,7.9,서울 일평균 기온
2022-03-25,11.7,서울 일평균 기온
2022-03-26,11.9,서울 일평균 기온
2022-03-27,8.4,서울 일평균 기온
2022-03-28,8.1,서울 일평균 기온
2022-03-29,9.4,서울 일평균 기온
2022-03-30,10.7,서울 일평균 기온
2022-03-31,11.1,서울 일평균 기온
2022-04-01,9.3,서울 일평균 기온
2022-04-02,8.2,서울 일평균 기온
2022-04-03,9.4,서울 일평균 기온
2022-04-04,10.2,서울 일평균 기온
2022-04-05,10.1,서울 일평균 기온
2022-04-06,11.7,서울 일평균 기온
2022-04-07,11.1,서울 일평균 기온
2022-04-08,12.5,서울 일평균 기온
2022-04-09,17.5,서울 일평균 기온
2022-04-10,18.1,서울 일평균 기온
2022-04-11,19.4,서울 일평균 기온
2022-04-12,19.6,서울 일평균 기온
2022-04-13,13.3,서울 일평균 기온
2022-04-14,13.1,서울 일평균 기온
2022-04-15,13.2,서울 일평균 기온
2022-04-16,13.1,서울 일평균 기온
2022-04-17,13.7,서울 일평균 기온
2022-04-18,15.1,서울 일평균 기온
2022-04-19,15.1,서울 일평균 기온
2022-04-20,15.6,서울 일평균 기온
2022-04-21,16.0,서울 일평균 기온
2022-04-22,15.1,서울 일평균 기온
2022-04-23,17.3,서울 일평균 기온
2022-04-24,18.6,서울 일평균 기온
2022-04-25,19.8,서울 일평균 기온
2022-04-26,22.0,서울 일평균 기온
2022-04-27,17.9,서울 일평균 기온
2022-04-28,17.9,서울 일평균 기온
2022-04-29,13.7,서울 일평균 기온
2022-04-30,13.0,서울 일평균 기온
2022-05-01,13.4,서울 일평균 기온
2022-05-02,14.0,서울 일평균 기온
2022-05-03,14.7,서울 일평균 기온
2022-05-04,17.5,서울 일평균 기온
2022-05-05,18.7,서울 일평균 기온
2022-05-06,19.4,서울 일평균 기온
2022-05-07,18.6,서울 일평균 기온
2022-05-08,15.7,서울 일평균 기온
2022-05-09,17.4,서울 일평균 기온
2022-05-10,19.7,서울 일평균 기온
2022-05-11,19.7,서울 일평균 기온
2022-05-12,20.6,서울 일평균 기온
2022-05-13,19.7,서울 일평균 기온
2022-05-14,15.8,서울 일평균 기온
2022-05-15,16.1,서울 일평균 기온
2022-05-16,17.1,서울 일평균 기온
2022-05-17,19.8,서울 일평균 기온
2022-05-18,19.8,서울 일평균 기온
2022-05-19,20.0,서울 일평균 기온
2022-05-20,20.6,서울 일평균 기온
2022-05-21,20.2,서울 일평균 기온
2022-05-22,20.0,서울 일평균 기온
2022-05-23,22.8,서울 일평균 기온
2022-05-24,22.8,서울 일평균 기온
2022-05-25,21.1,서울 일평균 기온
2022-05-26,18.7,서울 일평균 기온
2022-05-27,19.9,서울 일평균 기온
2022-05-28,22.0,서울 일평균 기온
2022-05-29,23.0,서울 일평균 기온
2022-05-30,21.1,서울 일평균 기온
2022-05-31,20.4,서울 일평균 기온
2022-06-01,22.2,서울 일평균 기온
2022-06-02,21.3,서울 일평균 기온
2022-06-03,24.0,서울 일평균 기온
2022-06-04,25.3,서울 일평균 기온
2022-06-05,23.0,서울 일평균 기온
2022-06-06,19.9,서울 일평균 기온
2022-06-07,20.4,서울 일평균 기온
2022-06-08,21.0,서울 일평균 기온
2022-06-09,20.9,서울 일평균 기온
2022-06-10,20.9,서울 일평균 기온
2022-06-11,24.5,서울 일평균 기온
2022-06-12,24.6,서울 일평균 기온
2022-06-13,23.6,서울 일평균 기온
2022-06-14,21.8,서울 일평균 기온
2022-06-15,17.4,서울 일평균 기온
2022-06-16,20.4,서울 일평균 기온
2022-06-17,22.2,서울 일평균 기온
2022-06-18,23.4,서울 일평균 기온
2022-06-19,23.4,서울 일평균 기온
2022-06-20,25.1,서울 일평균 기온
2022-06-21,26.5,서울 일평균 기온
2022-06-22,25.8,서울 일평균 기온
2022-06-23,24.4,서울 일평균 기온
2022-06-24,22.9,서울 일평균 기온
2022-06-25,25.7,서울 일평균 기온
2022-06-26,26.4,서울 일평균 기온
2022-06-27,26.7,서울 일평균 기온
2022-06-28,27.2,서울 일평균 기온
2022-06-29,25.2,서울 일평균 기온
2022-06-30,22.5,서울 일평균 기온
2022-07-01,26.4,서울 일평균 기온
2022-07-02,28.6,서울 일평균 기온
2022-07-03,29.2,서울 일평균 기온
2022-07-04,29.2,서울 일평균 기온
2022-07-05,29.2,서울 일평균 기온
2022-07-06,29.4,서울 일평균 기온
2022-07-07,28.3,서울 일평균 기온
2022-07-08,26.2,서울 일평균 기온
2022-07-09,26.8,서울 일평균 기온
2022-07-10,29.0,서울 일평균 기온
2022-07-11,27.0,서울 일평균 기온
2022-07-12,26.7,서울 일평균 기온
2022-07-13,25.1,서울 일평균 기온
2022-07-14,25.7,서울 일평균 기온
2022-07-15,26.1,서울 일평균 기온
2022-07-16,25.0,서울 일평균 기온
2022-07-17,25.4,서울 일평균 기온
2022-07-18,26.7,서울 일평균 기온
2022-07-19,27.3,서울 일평균 기온
2022-07-20,27.2,서울 일평균 기온
2022-07-21,23.3,서울 일평균 기온
2022-07-22,25.0,서울 일평균 기온
2022-07-23,24.9,서울 일평균 기온
2022-07-24,24.9,서울 일평균 기온
2022-07-25,27.4,서울 일평균 기온
2022-07-26,28.8,서울 일평균 기온
2022-07-27,29.4,서울 일평균 기온
2022-07-28,29.5,서울 일평균 기온
2022-07-29,30.6,서울 일평균 기온
2022-07-30,31.1,서울 일평균 기온
2022-07-31,27.5,서울 일평균 기온
2022-08-01,28.3,서울 일평균 기온
2022-08-02,27.0,서울 일평균 기온
2022-08-03,27.1,서울 일평균 기온
2022-08-04,28.9,서울 일평균 기온
2022-08-05,29.2,서울 일평균 기온
2022-08-06,28.7,서울 일평균 기온
2022-08-07,28.9,서울 일평균 기온
2022-08-08,26.9,서울 일평균 기온
2022-08-09,25.5,서울 일평균 기온
2022-08-10,24.4,서울 일평균 기온
2022-08-11,24.7,서울 일평균 기온
2022-08-12,26.9,서울 일평균 기온
2022-08-13,25.7,서울 일평균 기온
2022-08-14,27.5,서울 일평균 기온
2022-08-15,28.2,서울 일평균 기온
2022-08-16,26.8,서울 일평균 기온
2022-08-17,26.1,서울 일평균 기온
2022-08-18,25.5,서울 일평균 기온
2022-08-19,25.7,서울 일평균 기온
2022-08-20,28.2,서울 일평균 기온
2022-08-21,28.1,서울 일평균 기온
2022-08-22,27.1,서울 일평균 기온
2022-08-23,25.4,서울 일평균 기온
2022-08-24,24.7,서울 일평균 기온
2022-08-25,22.4,서울 일평균 기온
2022-08-26,23.6,서울 일평균 기온
2022-08-27,21.7,서울 일평균 기온
2022-08-28,22.3,서울 일평균 기온
2022-08-29,21.1,서울 일평균 기온
2022-08-30,19.2,서울 일평균 기온
2022-08-31,21.7,서울 일평균 기온
2022-09-01,23.8,서울 일평균 기온
2022-09-02,24.7,서울 일평균 기온
2022-09-03,24.1,서울 일평균 기온
2022-09-04,22.3,서울 일평균 기온
2022-09-05,19.6,서울 일평균 기온
2022-09-06,20.8,서울 일평균 기온
2022-09-07,22.8,서울 일평균 기온
2022-09-08,23.0,서울 일평균 기온
2022-09-09,24.3,서울 일평균 기온
2022-09-10,23.5,서울 일평균 기온
2022-09-11,23.3,서울 일평균 기온
2022-09-12,23.8,서울 일평균 기온
2022-09-13,24.2,서울 일평균 기온
2022-09-14,24.7,서울 일평균 기온
2022-09-15,25.1,서울 일평균 기온
2022-09-16,25.9,서울 일평균 기온
2022-09-17,25.5,서울 일평균 기온
2022-09-18,26.9,서울 일평균 기온
2022-09-19,25.1,서울 일평균 기온
2022-09-20,20.0,서울 일평균 기온
2022-09-21,19.3,서울 일평균 기온
2022-09-22,19.5,서울 일평균 기온
2022-09-23,18.0,서울 일평균 기온
2022-09-24,18.1,서울 일평균 기온
2022-09-25,19.7,서울 일평균 기온
2022-09-26,19.9,서울 일평균 기온
2022-09-27,20.7,서울 일평균 기온
2022-09-28,20.3,서울 일평균 기온
2022-09-29,20.5,서울 일평균 기온
2022-09-30,20.8,서울 일평균 기온
2022-10-01,20.8,서울 일평균 기온
2022-10-02,19.6,서울 일평균 기온
2022-10-03,20.9,서울 일평균 기온
2022-10-04,18.6,서울 일평균 기온
2022-10-05,16.6,서울 일평균 기온
2022-10-06,15.7,서울 일평균 기온
2022-10-07,14.6,서울 일평균 기온
2022-10-08,15.5,서울 일평균 기온
2022-10-09,13.4,서울 일평균 기온
2022-10-10,10.0,서울 일평균 기온
2022-10-11,11.1,서울 일평균 기온
2022-10-12,13.3,서울 일평균 기온
2022-10-13,16.1,서울 일평균 기온
2022-10-14,16.8,서울 일평균 기온
2022-10-15,18.0,서울 일평균 기온
2022-10-16,17.0,서울 일평균 기온
2022-10-17,12.0,서울 일평균 기온
2022-10-18,9.5,서울 일평균 기온
2022-10-19,10.3,서울 일평균 기온
2022-10-20,12.6,서울 일평균 기온
2022-10-21,14.0,서울 일평균 기온
2022-10-22,14.8,서울 일평균 기온
2022-10-23,14.4,서울 일평균 기온
2022-10-24,10.9,서울 일평균 기온
2022-10-25,11.2,서울 일평균 기온
2022-10-26,12.6,서울 일평균 기온
2022-10-27,13.3,서울 일평균 기온
2022-10-28,13.6,서울 일평균 기온
2022-10-29,14.7,서울 일평균 기온
2022-10-30,14.8,서울 일평균 기온
2022-10-31,14.9,서울 일평균 기온
2022-11-01,13.5,서울 일평균 기온
2022-11-02,11.1,서울 일평균 기온
2022-11-03,9.7,서울 일평균 기온
2022-11-04,5.2,서울 일평균 기온
2022-11-05,6.4,서울 일평균 기온
2022-11-06,9.4,서울 일평균 기온
2022-11-07,11.0,서울 일평균 기온
2022-11-08,13.1,서울 일평균 기온
2022-11-09,11.2,서울 일평균 기온
2022-11-10,13.4,서울 일평균 기온
2022-11-11,15.4,서울 일평균 기온
2022-11-12,16.1,서울 일평균 기온
2022-11-13,11.0,서울 일평균 기온
2022-11-14,10.1,서울 일평균 기온
2022-11-15,8.0,서울 일평균 기온
2022-11-16,8.6,서울 일평균 기온
2022-11-17,10.2,서울 일평균 기온
2022-11-18,10.9,서울 일평균 기온
2022-11-19,12.8,서울 일평균 기온
2022-11-20,13.7,서울 일평균 기온
2022-11-21,12.1,서울 일평균 기온
2022-11-22,10.6,서울 일평균 기온
2022-11-23,11.2,서울 일평균 기온
2022-11-24,9.3,서울 일평균 기온
2022-11-25,11.8,서울 일평균 기온
2022-11-26,7.7,서울 일평균 기온
2022-11-27,5.0,서울 일평균 기온
2022-11-28,11.8,서울 일평균 기온
2022-11-29,8.3,서울 일평균 기온
2022-11-30,-4.8,서울 일평균 기온
2022-12-01,-5.3,서울 일평균 기온
2022-12-02,-2.9,서울 일평균 기온
2022-12-03,2.3,서울 일평균 기온
2022-12-04,-2.9,서울 일평균 기온
2022-12-05,-3.1,서울 일평균 기온
2022-12-06,0.5,서울 일평균 기온
2022-12-07,4.8,서울 일평균 기온
2022-12-08,3.7,서울 일평균 기온
2022-12-09,4.5,서울 일평균 기온
2022-12-10,2.4,서울 일평균 기온
2022-12-11,1.8,서울 일평균 기온
2022-12-12,1.8,서울 일평균 기온
2022-12-13,0.8,서울 일평균 기온
2022-12-14,-8.1,서울 일평균 기온
2022-12-15,-4.6,서울 일평균 기온
2022-12-16,-6.2,서울 일평균 기온
2022-12-17,-6.6,서울 일평균 기온
2022-12-18,-9.2,서울 일평균 기온
2022-12-19,-7.3,서울 일평균 기온
2022-12-20,-3.6,서울 일평균 기온
2022-12-21,0.1,서울 일평균 기온
2022-12-22,-7.0,서울 일평균 기온
2022-12-23,-11.6,서울 일평균 기온
2022-12-24,-8.6,서울 일평균 기온
2022-12-25,-5.4,서울 일평균 기온
2022-12-26,-3.9,서울 일평균 기온
2022-12-27,-2.6,서울 일평균 기온
2022-12-28,-2.8,서울 일평균 기온
2022-12-29,-3.2,서울 일평균 기온
2022-12-30,-1.4,서울 일평균 기온
2022-12-31,-1.6,서울 일평균 기온
2023-01-01,0.4,서울 일평균 기온
2023-01-02,-4.3,서울 일평균 기온
2023-01-03,-4.9,서울 일평균 기온
2023-01-04,-1.8,서울 일평균 기온
2023-01-05,-1.7,서울 일평균 기온
2023-01-06,0.3,서울 일평균 기온
2023-01-07,1.8,서울 일평균 기온
2023-01-08,1.0,서울 일평균 기온
2023-01-09,3.5,서울 일평균 기온
2023-01-10,1.5,서울 일평균 기온
2023-01-11,2.7,서울 일평균 기온
2023-01-12,5.3,서울 일평균 기온
2023-01-13,8.3,서울 일평균 기온
2023-01-14,7.0,서울 일평균 기온
2023-01-15,0.4,서울 일평균 기온
2023-01-16,-4.1,서울 일평균 기온
2023-01-17,-3.7,서울 일평균 기온
2023-01-18,-1.6,서울 일평균 기온
2023-01-19,-0.5,서울 일평균 기온
2023-01-20,-2.3,서울 일평균 기온
2023-01-21,-4.6,서울 일평균 기온
2023-01-22,-0.6,서울 일평균 기온
2023-01-23,-0.3,서울 일평균 기온
2023-01-24,-13.7,서울 일평균 기온
2023-01-25,-11.8,서울 일평균 기온
2023-01-26,-6.2,서울 일평균 기온
2023-01-27,-6.8,서울 일평균 기온
2023-01-28,-6.0,서울 일평균 기온
2023-01-29,-2.2,서울 일평균 기온
2023-01-30,-0.9,서울 일평균 기온
2023-01-31,1.8,서울 일평균 기온
2023-02-01,1.6,서울 일평균 기온
2023-02-02,-2.3,서울 일평균 기온
2023-02-03,-1.5,서울 일평균 기온
2023-02-04,-0.3,서울 일평균 기온
2023-02-05,1.3,서울 일평균 기온
2023-02-06,2.8,서울 일평균 기온
2023-02-07,3.4,서울 일평균 기온
2023-02-08,2.4,서울 일평균 기온
2023-02-09,3.6,서울 일평균 기온
2023-02-10,4.2,서울 일평균 기온
2023-02-11,2.9,서울 일평균 기온
2023-02-12,3.4,서울 일평균 기온
2023-02-13,6.1,서울 일평균 기온
2023-02-14,2.0,서울 일평균 기온
2023-02-15,3.1,서울 일평균 기온
2023-02-16,2.5,서울 일평균 기온
2023-02-17,3.2,서울 일평균 기온
2023-02-18,5.5,서울 일평균 기온
2023-02-19,4.0,서울 일평균 기온
2023-02-20,-0.1,서울 일평균 기온
2023-02-21,-1.2,서울 일평균 기온
2023-02-22,1.0,서울 일평균 기온
2023-02-23,2.7,서울 일평균 기온
2023-02-24,3.7,서울 일평균 기온
2023-02-25,0.8,서울 일평균 기온
2023-02-26,2.2,서울 일평균 기온
2023-02-27,4.3,서울 일평균 기온
2023-02-28,4.0,서울 일평균 기온
2023-03-01,6.3,서울 일평균 기온
2023-03-02,2.4,서울 일평균 기온
2023-03-03,4.2,서울 일평균 기온
2023-03-04,7.7,서울 일평균 기온
2023-03-05,8.0,서울 일평균 기온
2023-03-06,8.9,서울 일평균 기온
2023-03-07,11.5,서울 일평균 기온
2023-03-08,12.3,서울 일평균 기온
2023-03-09,10.7,서울 일평균 기온
2023-03-10,13.1,서울 일평균 기온
2023-03-11,15.2,서울 일평균 기온
2023-03-12,7.1,서울 일평균 기온
2023-03-13,2.6,서울 일평균 기온
2023-03-14,8.8,서울 일평균 기온
2023-03-15,9.2,서울 일평균 기온
2023-03-16,4.7,서울 일평균 기온
2023-03-17,6.8,서울 일평균 기온
2023-03-18,8.0,서울 일평균 기온
2023-03-19,8.2,서울 일평균 기온
2023-03-20,9.2,서울 일평균 기온
2023-03-21,12.6,서울 일평균 기온
2023-03-22,16.3,서울 일평균 기온
2023-03-23,17.8,서울 일평균 기온
2023-03-24,12.7,서울 일평균 기온
2023-03-25,12.6,서울 일평균 기온
2023-03-26,9.9,서울 일평균 기온
2023-03-27,7.3,서울 일평균 기온
2023-03-28,8.9,서울 일평균 기온
2023-03-29,11.6,서울 일평균 기온
2023-03-30,13.3,서울 일평균 기온
2023-03-31,14.7,서울 일평균 기온
2023-04-01,17.1,서울 일평균 기온
2023-04-02,18.6,서울 일평균 기온
2023-04-03,18.9,서울 일평균 기온
2023-04-04,18.1,서울 일평균 기온
2023-04-05,12.1,서울 일평균 기온
2023-04-06,9.0,서울 일평균 기온
2023-04-07,9.1,서울 일평균 기온
2023-04-08,8.6,서울 일평균 기온
2023-04-09,10.5,서울 일평균 기온
2023-04-10,12.8,서울 일평균 기온
2023-04-11,13.4,서울 일평균 기온
2023-04-12,10.1,서울 일평균 기온
2023-04-13,11.7,서울 일평균 기온
2023-04-14,15.8,서울 일평균 기온
2023-04-15,13.9,서울 일평균 기온
2023-04-16,10.9,서울 일평균 기온
2023-04-17,12.7,서울 일평균 기온
2023-04-18,14.1,서울 일평균 기온
2023-04-19,18.6,서울 일평균 기온
2023-04-20,16.2,서울 일평균 기온
2023-04-21,16.7,서울 일평균 기온
2023-04-22,17.0,서울 일평균 기온
2023-04-23,16.2,서울 일평균 기온
2023-04-24,16.1,서울 일평균 기온
2023-04-25,11.1,서울 일평균 기온
2023-04-26,10.2,서울 일평균 기온
2023-04-27,12.5,서울 일평균 기온
2023-04-28,15.2,서울 일평균 기온
2023-04-29,13.7,서울 일평균 기온
2023-04-30,12.5,서울 일평균 기온
2023-05-01,14.6,서울 일평균 기온
2023-05-02,16.5,서울 일평균 기온
2023-05-03,19.2,서울 일평균 기온
2023-05-04,21.1,서울 일평균 기온
2023-05-05,18.9,서울 일평균 기온
2023-05-06,12.9,서울 일평균 기온
2023-05-07,14.5,서울 일평균 기온
2023-05-08,15.0,서울 일평균 기온
2023-05-09,16.8,서울 일평균 기온
2023-05-10,18.3,서울 일평균 기온
2023-05-11,19.5,서울 일평균 기온
2023-05-12,18.4,서울 일평균 기온
2023-05-13,17.7,서울 일평균 기온
2023-05-14,18.2,서울 일평균 기온
2023-05-15,20.3,서울 일평균 기온
2023-05-16,23.8,서울 일평균 기온
2023-05-17,23.4,서울 일평균 기온
2023-05-18,21.7,서울 일평균 기온
2023-05-19,22.1,서울 일평균 기온
2023-05-20,21.5,서울 일평균 기온
2023-05-21,17.9,서울 일평균 기온
2023-05-22,20.1,서울 일평균 기온
2023-05-23,20.3,서울 일평균 기온
2023-05-24,20.5,서울 일평균 기온
2023-05-25,21.1,서울 일평균 기온
2023-05-26,21.3,서울 일평균 기온
2023-05-27,19.4,서울 일평균 기온
2023-05-28,19.2,서울 일평균 기온
2023-05-29,23.0,서울 일평균 기온
2023-05-30,24.1,서울 일평균 기온
2023-05-31,22.8,서울 일평균 기온
2023-06-01,22.6,서울 일평균 기온
2023-06-02,20.5,서울 일평균 기온
2023-06-03,21.9,서울 일평균 기온
2023-06-04,21.9,서울 일평균 기온
2023-06-05,21.5,서울 일평균 기온
2023-06-06,20.5,서울 일평균 기온
2023-06-07,21.3,서울 일평균 기온
2023-06-08,20.7,서울 일평균 기온
2023-06-09,22.9,서울 일평균 기온
2023-06-10,23.3,서울 일평균 기온
2023-06-11,22.1,서울 일평균 기온
2023-06-12,22.2,서울 일평균 기온
2023-06-13,22.2,서울 일평균 기온
2023-06-14,20.9,서울 일평균 기온
2023-06-15,22.4,서울 일평균 기온
2023-06-16,23.6,서울 일평균 기온
2023-06-17,24.1,서울 일평균 기온
2023-06-18,25.8,서울 일평균 기온
2023-06-19,28.4,서울 일평균 기온
2023-06-20,25.0,서울 일평균 기온
2023-06-21,20.6,서울 일평균 기온
2023-06-22,22.4,서울 일평균 기온
2023-06-23,24.2,서울 일평균 기온
2023-06-24,26.4,서울 일평균 기온
2023-06-25,27.8,서울 일평균 기온
2023-06-26,24.4,서울 일평균 기온
2023-06-27,25.3,서울 일평균 기온
2023-06-28,26.4,서울 일평균 기온
2023-06-29,24.6,서울 일평균 기온
2023-06-30,25.3,서울 일평균 기온
2023-07-01,27.6,서울 일평균 기온
2023-07-02,26.7,서울 일평균 기온
2023-07-03,28.9,서울 일평균 기온
2023-07-04,26.3,서울 일평균 기온
2023-07-05,24.5,서울 일평균 기온
2023-07-06,27.1,서울 일평균 기온
2023-07-07,26.9,서울 일평균 기온
2023-07-08,25.5,서울 일평균 기온
2023-07-09,24.7,서울 일평균 기온
2023-07-10,26.4,서울 일평균 기온
2023-07-11,23.8,서울 일평균 기온
2023-07-12,25.6,서울 일평균 기온
2023-07-13,25.4,서울 일평균 기온
2023-07-14,24.6,서울 일평균 기온
2023-07-15,24.6,서울 일평균 기온
2023-07-16,24.5,서울 일평균 기온
2023-07-17,25.4,서울 일평균 기온
2023-07-18,25.2,서울 일평균 기온
2023-07-19,27.1,서울 일평균 기온
2023-07-20,27.9,서울 일평균 기온
2023-07-21,29.3,서울 일평균 기온
2023-07-22,27.9,서울 일평균 기온
2023-07-23,25.2,서울 일평균 기온
2023-07-24,26.8,서울 일평균 기온
2023-07-25,27.7,서울 일평균 기온
2023-07-26,27.6,서울 일평균 기온
2023-07-27,28.3,서울 일평균 기온
2023-07-28,29.5,서울 일평균 기온
2023-07-29,29.2,서울 일평균 기온
2023-07-30,28.7,서울 일평균 기온
2023-07-31,28.5,서울 일평균 기온
2023-08-01,29.9,서울 일평균 기온
2023-08-02,29.8,서울 일평균 기온
2023-08-03,29.4,서울 일평균 기온
2023-08-04,30.0,서울 일평균 기온
2023-08-05,30.3,서울 일평균 기온
2023-08-06,29.5,서울 일평균 기온
2023-08-07,30.6,서울 일평균 기온
2023-08-08,30.9,서울 일평균 기온
2023-08-09,28.8,서울 일평균 기온
2023-08-10,22.6,서울 일평균 기온
2023-08-11,23.4,서울 일평균 기온
2023-08-12,23.4,서울 일평균 기온
2023-08-13,26.7,서울 일평균 기온
2023-08-14,28.1,서울 일평균 기온
2023-08-15,28.3,서울 일평균 기온
2023-08-16,27.6,서울 일평균 기온
2023-08-17,28.0,서울 일평균 기온
2023-08-18,29.1,서울 일평균 기온
2023-08-19,29.1,서울 일평균 기온
2023-08-20,28.2,서울 일평균 기온
2023-08-21,29.3,서울 일평균 기온
2023-08-22,28.1,서울 일평균 기온
2023-08-23,25.0,서울 일평균 기온
2023-08-24,25.0,서울 일평균 기온
2023-08-25,26.5,서울 일평균 기온
2023-08-26,26.4,서울 일평균 기온
2023-08-27,26.1,서울 일평균 기온
2023-08-28,22.8,서울 일평균 기온
2023-08-29,24.1,서울 일평균 기온
2023-08-30,22.9,서울 일평균 기온
2023-08-31,23.8,서울 일평균 기온
2023-09-01,24.4,서울 일평균 기온
2023-09-02,25.1,서울 일평균 기온
2023-09-03,25.6,서울 일평균 기온
2023-09-04,27.0,서울 일평균 기온
2023-09-05,28.3,서울 일평균 기온
2023-09-06,27.9,서울 일평균 기온
2023-09-07,26.3,서울 일평균 기온
2023-09-08,25.2,서울 일평균 기온
2023-09-09,25.8,서울 일평균 기온
2023-09-10,25.7,서울 일평균 기온
2023-09-11,25.6,서울 일평균 기온
2023-09-12,25.5,서울 일평균 기온
2023-09-13,22.5,서울 일평균 기온
2023-09-14,23.0,서울 일평균 기온
2023-09-15,22.4,서울 일평균 기온
2023-09-16,23.9,서울 일평균 기온
2023-09-17,24.5,서울 일평균 기온
2023-09-18,24.8,서울 일평균 기온
2023-09-19,24.0,서울 일평균 기온
2023-09-20,21.0,서울 일평균 기온
2023-09-21,20.2,서울 일평균 기온
2023-09-22,20.3,서울 일평균 기온
2023-09-23,21.7,서울 일평균 기온
2023-09-24,21.7,서울 일평균 기온
2023-09-25,21.6,서울 일평균 기온
2023-09-26,19.9,서울 일평균 기온
2023-09-27,21.4,서울 일평균 기온
2023-09-28,22.5,서울 일평균 기온
2023-09-29,21.1,서울 일평균 기온
2023-09-30,19.9,서울 일평균 기온
2023-10-01,18.4,서울 일평균 기온
2023-10-02,18.2,서울 일평균 기온
2023-10-03,17.4,서울 일평균 기온
2023-10-04,17.3,서울 일평균 기온
2023-10-05,14.4,서울 일평균 기온
2023-10-06,15.2,서울 일평균 기온
2023-10-07,16.7,서울 일평균 기온
2023-10-08,17.1,서울 일평균 기온
2023-10-09,17.5,서울 일평균 기온
2023-10-10,17.0,서울 일평균 기온
2023-10-11,17.5,서울 일평균 기온
2023-10-12,17.4,서울 일평균 기온
2023-10-13,17.5,서울 일평균 기온
2023-10-14,15.0,서울 일평균 기온
2023-10-15,15.8,서울 일평균 기온
2023-10-16,15.2,서울 일평균 기온
2023-10-17,13.8,서울 일평균 기온
2023-10-18,15.0,서울 일평균 기온
2023-10-19,17.2,서울 일평균 기온
2023-10-20,12.4,서울 일평균 기온
2023-10-21,10.4,서울 일평균 기온
2023-10-22,12.1,서울 일평균 기온
2023-10-23,15.1,서울 일평균 기온
2023-10-24,15.3,서울 일평균 기온
2023-10-25,16.4,서울 일평균 기온
2023-10-26,17.5,서울 일평균 기온
2023-10-27,15.8,서울 일평균 기온
2023-10-28,14.3,서울 일평균 기온
2023-10-29,14.8,서울 일평균 기온
2023-10-30,15.0,서울 일평균 기온
2023-10-31,16.1,서울 일평균 기온
2023-11-01,18.8,서울 일평균 기온
2023-11-02,20.9,서울 일평균 기온
2023-11-03,19.5,서울 일평균 기온
2023-11-04,17.5,서울 일평균 기온
2023-11-05,17.2,서울 일평균 기온
2023-11-06,14.5,서울 일평균 기온
2023-11-07,6.2,서울 일평균 기온
2023-11-08,8.0,서울 일평균 기온
2023-11-09,11.5,서울 일평균 기온
2023-11-10,4.2,서울 일평균 기온
2023-11-11,1.7,서울 일평균 기온
2023-11-12,1.3,서울 일평균 기온
2023-11-13,1.9,서울 일평균 기온
2023-11-14,4.6,서울 일평균 기온
2023-11-15,6.7,서울 일평균 기온
2023-11-16,6.8,서울 일평균 기온
2023-11-17,2.4,서울 일평균 기온
2023-11-18,0.4,서울 일평균 기온
2023-11-19,5.7,서울 일평균 기온
2023-11-20,6.2,서울 일평균 기온
2023-11-21,7.3,서울 일평균 기온
2023-11-22,8.9,서울 일평균 기온
2023-11-23,10.8,서울 일평균 기온
2023-11-24,-0.9,서울 일평균 기온
2023-11-25,-1.6,서울 일평균 기온
2023-11-26,3.6,서울 일평균 기온
2023-11-27,6.4,서울 일평균 기온
2023-11-28,1.8,서울 일평균 기온
2023-11-29,-1.1,서울 일평균 기온
2023-11-30,-4.1,서울 일평균 기온
2023-12-01,-3.3,서울 일평균 기온
2023-12-02,1.6,서울 일평균 기온
2023-12-03,1.1,서울 일평균 기온
2023-12-04,2.5,서울 일평균 기온
2023-12-05,6.7,서울 일평균 기온
2023-12-06,6.2,서울 일평균 기온
2023-12-07,6.5,서울 일평균 기온
2023-12-08,10.8,서울 일평균 기온
2023-12-09,13.8,서울 일평균 기온
2023-12-10,11.3,서울 일평균 기온
2023-12-11,9.5,서울 일평균 기온
2023-12-12,5.5,서울 일평균 기온
2023-12-13,6.5,서울 일평균 기온
2023-12-14,7.9,서울 일평균 기온
2023-12-15,5.2,서울 일평균 기온
2023-12-16,-2.9,서울 일평균 기온
2023-12-17,-9.7,서울 일평균 기온
2023-12-18,-8.0,서울 일평균 기온
2023-12-19,-4.0,서울 일평균 기온
2023-12-20,-6.7,서울 일평균 기온
2023-12-21,-11.7,서울 일평균 기온
2023-12-22,-11.7,서울 일평균 기온
2023-12-23,-7.3,서울 일평균 기온
2023-12-24,-2.4,서울 일평균 기온
2023-12-25,-0.6,서울 일평균 기온
2023-12-26,1.6,서울 일평균 기온
2023-12-27,1.5,서울 일평균 기온
2023-12-28,1.1,서울 일평균 기온
2023-12-29,1.5,서울 일평균 기온
2023-12-30,0.5,서울 일평균 기온
2023-12-31,2.3,서울 일평균 기온
2024-01-01,3.0,서울 일평균 기온
